ISO_A2,model,median_BOC,median_EOC,rel_change_%,p_shapiro_BOC,p_shapiro_EOC,p_ttest,signif_ttest
AT,ACCESS-CM2,10831.326006897145,11864.46439770212,9.53842946050277,0.2798120353547156,0.610096613759202,9.549806196794733e-11,True
AT,CanESM5,11153.948360280661,11364.134450428768,1.8844097476422061,0.659839688677021,0.016926347707421244,0.3815512377821054,False
AT,CMCC-CM2-SR5,7490.138456350552,8445.683712404121,12.75737773903773,0.9016292291778042,0.0011504305386619536,2.870545357878863e-10,True
AT,CMCC-ESM2,7633.101278215284,8382.816160939834,9.8218909378842,0.5636436084222411,0.45333911063719784,2.521666401163311e-09,True
AT,HadGEM3-GC31-LL,10735.540230190061,11909.26812349907,10.93310507102659,0.5367708146125603,0.46847813108967934,3.86123336174568e-20,True
AT,HadGEM3-GC31-MM,10568.833489212324,11189.319537718244,5.870903814874687,0.6787857467346541,0.0003328091149094098,7.617408440745948e-11,True
AT,MRI-ESM2-0,9711.766709493473,10455.766778134439,7.660810755613484,0.02815033240781815,0.7234607571235276,6.114724389476095e-09,True
BE,ACCESS-CM2,3412.9624978122365,3864.209765084513,13.221571217425717,0.2328715313570821,0.6686921343783931,3.309313179086101e-13,True
BE,CanESM5,3775.7210038558865,4028.884806054601,6.7050452599695705,0.7185982234427547,0.5906802014431771,8.777239053736579e-05,True
BE,CMCC-CM2-SR5,2531.2498021694846,2690.78932028026,6.302796269812541,0.4450695163454544,0.4998146505991529,1.126405842436659e-06,True
BE,CMCC-ESM2,2526.229852527902,2662.0244623169965,5.3753861570913655,0.9839952289743418,0.1671541775853833,0.00016148648608180137,True
BE,HadGEM3-GC31-LL,3474.403383781938,3894.291891263074,12.08519740226828,0.25575421354152716,0.03079902140459676,5.640131151098025e-19,True
BE,HadGEM3-GC31-MM,3438.676644179898,3788.6254106496026,10.176844253791852,0.6180379796513269,0.00024598431128917253,1.3161973745766474e-15,True
BE,MRI-ESM2-0,3144.9875135858224,3305.538690148962,5.104986136497685,0.22633401727078323,0.7772059426946528,2.8454943137795517e-06,True
BG,ACCESS-CM2,14847.542494107058,16340.532762731622,10.055470588598263,0.8558494235159133,0.4434982932533358,2.7817354225793995e-17,True
BG,CanESM5,15776.797932332862,16061.309444735161,1.80335397349055,0.5713079720257358,0.21772444508957467,0.048661179731261044,True
BG,CMCC-CM2-SR5,10674.598594018727,11936.816851054087,11.824503244015336,0.07939553944474304,0.2969725390114633,2.215837573398496e-10,True
BG,CMCC-ESM2,10813.015296504464,11991.833333053926,10.901843789405723,0.6361179767282898,0.15714895785018412,4.6873041134324795e-09,True
BG,HadGEM3-GC31-LL,14370.583201112484,15458.045265709025,7.56727858137557,0.7627185773631389,0.6175137318795807,3.446671867859211e-11,True
BG,HadGEM3-GC31-MM,14508.492617999585,15256.586986952398,5.15625150489244,0.4814531737641001,0.5041358180049396,3.200142991188848e-10,True
BG,MRI-ESM2-0,13906.077790378155,14917.366412939036,7.272277904705877,0.06561712535756004,0.2414902642916159,3.743843892352336e-10,True
HR,ACCESS-CM2,6981.964693404691,7836.933390157237,12.245388429995456,0.8151147625762056,0.09866600752922589,6.626642503144791e-17,True
HR,CanESM5,7602.061546728375,7694.656285060918,1.2180214243647103,0.04959464598223112,0.014488047935437587,0.26735373131176116,False
HR,CMCC-CM2-SR5,5463.045781099031,5824.481625268625,6.6160134593798325,0.748766056467852,0.10004665124587431,2.6827070648215257e-07,True
HR,CMCC-ESM2,5464.535848147171,5877.219519513236,7.5520352109318,0.33168916692307615,0.378308704096606,1.7863452645637283e-08,True
HR,HadGEM3-GC31-LL,6973.582593754592,7664.455109777029,9.906995532556952,0.8441238450454991,0.3242363830191804,6.611330404605081e-17,True
HR,HadGEM3-GC31-MM,6957.462654759442,7404.833282229544,6.430083058571166,0.8920797332620144,0.2876837831675807,5.717467021442982e-10,True
HR,MRI-ESM2-0,6731.760860448473,7153.653129728568,6.267190383408666,0.4557147916017923,0.2905813774173346,6.48468843840273e-08,True
CZ,ACCESS-CM2,9105.377730621047,10194.352619611213,11.959689330932243,0.15552098529071517,0.3800364537358211,2.0600206845376972e-13,True
CZ,CanESM5,10123.633506179352,10222.516326337773,0.9767522707935168,0.055150444848262856,0.03977634423199691,0.058686841619044305,False
CZ,CMCC-CM2-SR5,6482.572852742535,7243.850303595878,11.743446130825584,0.5251994770046898,0.06829272629991617,3.047535805246129e-09,True
CZ,CMCC-ESM2,6542.073103813897,7108.240925534555,8.65425703345615,0.13501667059637018,0.31406464776831305,5.455158467619187e-07,True
CZ,HadGEM3-GC31-LL,9168.603291847956,10279.607123233422,12.117481758353403,0.31651489512714537,0.5140608698578937,7.267002109632306e-17,True
CZ,HadGEM3-GC31-MM,8812.421656192748,9816.807468790632,11.397387140367627,0.2877578600061669,0.023304513468712068,3.385549967358854e-15,True
CZ,MRI-ESM2-0,8397.152711092565,8868.320923725916,5.611047325731515,0.1070959763603399,0.8479424096185675,3.6962148800987784e-08,True
DK,ACCESS-CM2,5092.968244573486,5550.171101246618,8.97713935601851,0.7674347538193296,0.3986281323597766,1.8858847021336247e-12,True
DK,CanESM5,5517.011556894045,5630.361871402297,2.054560033803264,0.018134762150481352,0.09681706716571813,0.004083767132266589,True
DK,CMCC-CM2-SR5,3824.007342876118,3967.211035850923,3.7448592571764925,0.5636093968584047,0.8770556485211011,0.002478145365242876,True
DK,CMCC-ESM2,3810.7369187440504,3914.8684475804125,2.732582465196311,0.02862210884478219,0.6166904633983562,0.005257392244615051,True
DK,HadGEM3-GC31-LL,5258.678124781492,5850.746194294574,11.258876384218379,0.16558931731072446,0.45549037767040423,2.009004454169887e-17,True
DK,HadGEM3-GC31-MM,5223.564927487327,5721.842637778699,9.539035452002263,0.9591569499158805,0.8536552872906243,1.1031104734253492e-15,True
DK,MRI-ESM2-0,4736.538564619564,4757.636833927711,0.4454364515417472,0.525011441780793,0.0488258522933127,0.8332317708767641,False
EE,ACCESS-CM2,6064.584334318525,6272.317619747867,3.425350757409901,0.6526918012102293,0.5456391574789476,4.837942047016103e-05,True
EE,CanESM5,6055.640544284989,6125.691875057317,1.1567947314580722,0.42673511146112486,0.9161910292878763,0.4155969481039741,False
EE,CMCC-CM2-SR5,4142.988676843614,4336.26515874072,4.665146274171244,0.42053746832389377,0.2044586730501446,0.003175272660640504,True
EE,CMCC-ESM2,4111.9628633603825,4296.8838054203625,4.497145237076842,0.34628471891849966,0.3555499591676332,8.431387582242318e-06,True
EE,HadGEM3-GC31-LL,5831.638801012552,6328.723571849678,8.52392934128253,0.531759764146622,0.016740321605614904,1.8732077022608855e-08,True
EE,HadGEM3-GC31-MM,5801.051400422253,6191.59435957306,6.732278895552953,0.4657527242432809,0.38539297041519777,1.6978133791992503e-10,True
EE,MRI-ESM2-0,5036.3535602715865,5117.4366781666695,1.6099568254042624,0.029065247828412674,0.5365460151415866,0.04207273509501802,True
FI,ACCESS-CM2,15225.177520320307,15561.83697025748,2.2112021320464086,0.2402158440750241,0.36393559969656564,0.002537432044814995,True
FI,CanESM5,9380.0754750648,9355.910726445087,-0.2576178484272337,0.5956373158103221,0.7251521085269366,0.8064957142753197,False
FI,CMCC-CM2-SR5,10581.372666760073,10886.804108662642,2.8865011329015893,0.17109788254622865,0.5620922828358172,0.022156513884245665,True
FI,CMCC-ESM2,10419.63590979549,11165.24743000307,7.155830843442726,0.3693202609128571,0.9427773921939342,7.888979566205551e-05,True
FI,HadGEM3-GC31-LL,14973.991541691366,15768.3975878035,5.305239046651701,0.5056393664478007,0.34159738405899526,1.6222158805851853e-06,True
FI,HadGEM3-GC31-MM,16793.31179693991,17521.996173593645,4.339134445098056,0.790600592885657,0.6860024251627648,3.199890897479824e-06,True
FI,MRI-ESM2-0,13130.853183363895,12822.70321236843,-2.346762747952097,0.7879514077313303,0.012626152471567299,0.5561435921902341,False
FR,ACCESS-CM2,70390.2119979118,77259.98776948923,9.75956113298996,0.5638920833606571,0.26472326314850625,3.1374154731724623e-16,True
FR,CanESM5,72784.07632208301,75542.79977114689,3.7902843430423134,0.2424489685288117,0.27925769854115856,0.02108621820813211,True
FR,CMCC-CM2-SR5,51924.061441486076,56334.56027147995,8.494132984886262,0.8592316836322662,0.20436500663445073,8.922434305518437e-08,True
FR,CMCC-ESM2,52089.712028124035,56001.50343844271,7.50971978537075,0.3529069910302892,0.4539504149783755,9.629918865449375e-09,True
FR,HadGEM3-GC31-LL,69427.92288356838,77157.0006754437,11.132520563573687,0.8712667635206465,0.22454248881117495,5.1428603367877285e-23,True
FR,HadGEM3-GC31-MM,69716.74156904455,74524.89256645687,6.896694953321257,0.7184425326206655,0.0006406212639330864,2.638630533516028e-12,True
FR,MRI-ESM2-0,64433.88550289011,67628.52900093675,4.958017777623149,0.017425485654221275,0.1592216805977229,1.3534469352945957e-07,True
DE,ACCESS-CM2,40581.20673972253,45207.992868534544,11.401302476013177,0.21785841380752563,0.6927362873407468,6.410364223479786e-13,True
DE,CanESM5,44137.93348158103,45389.1206311413,2.834720728559697,0.036485106887853905,0.6541447569324652,0.0008985082430485599,True
DE,CMCC-CM2-SR5,29488.71104850815,31934.90068101735,8.295342677017253,0.9675070453421121,0.9240987637300522,2.7123709962730443e-08,True
DE,CMCC-ESM2,29596.983513501542,31274.617071625635,5.668258582361242,0.2520626677129687,0.43899637536827985,6.189386077396199e-06,True
DE,HadGEM3-GC31-LL,41241.79501696321,46126.28805236689,11.84355102243884,0.7255657346483938,0.7657832365665097,6.314289302241347e-18,True
DE,HadGEM3-GC31-MM,40440.935770939446,44517.08475331611,10.079264746652452,0.7803673766346172,0.0007924186043984473,8.522959764115095e-17,True
DE,MRI-ESM2-0,36951.09256489366,39463.07214383606,6.798119905469245,0.46507268196755824,0.9926482734039086,1.2610731343756147e-06,True
GR,ACCESS-CM2,18882.5575478611,20531.45030098287,8.732359210040098,0.5319381131926385,0.6349210367264602,2.9321090019342262e-21,True
GR,CanESM5,19334.76168515792,20024.04756299488,3.5650083981437652,0.0662440263116012,0.1459608148157231,6.270922820290863e-06,True
GR,CMCC-CM2-SR5,14653.073823681725,15730.98501799318,7.356212131883052,0.8517498432666482,0.11236485240211441,6.012482191524277e-12,True
GR,CMCC-ESM2,14718.592670821447,15858.063810597818,7.741712575790557,0.4277285824097395,0.27113052251392233,1.928178766178111e-11,True
GR,HadGEM3-GC31-LL,18705.533375234096,19713.07573609536,5.386333234395976,0.540101466139584,0.9157931637873684,1.1653516223172965e-13,True
GR,HadGEM3-GC31-MM,18570.760432010058,19379.841408574655,4.356746615340533,0.21418468814262492,0.24043651937306398,8.728374676165759e-11,True
GR,MRI-ESM2-0,17754.725996855374,18567.828642078213,4.579640628454939,0.0144699075815094,0.8638121845762142,2.0653423431126466e-10,True
HU,ACCESS-CM2,11884.277681082012,13034.849440735261,9.681461427687662,0.9994495777414817,0.5580168877664631,2.0436198654835336e-14,True
HU,CanESM5,12400.740977625668,12377.041946052223,-0.1911098023594328,0.42181843207772196,0.004265812299289817,0.8936836167074327,False
HU,CMCC-CM2-SR5,8725.012365178844,9497.856136942539,8.857795718984676,0.8277169818310344,0.7215724158622899,5.547553086738917e-07,True
HU,CMCC-ESM2,8862.31190982747,9640.68672809673,8.782977017612268,0.3883853858893271,0.23083888180851309,4.948991633499002e-08,True
HU,HadGEM3-GC31-LL,11767.331049014747,12826.700241474877,9.002629296715746,0.5028336950186596,0.5908664338975954,1.1338376440251115e-16,True
HU,HadGEM3-GC31-MM,11810.705046544634,12671.963837930327,7.292187790581267,0.909139068874548,0.49935681846584234,2.986267873418769e-11,True
HU,MRI-ESM2-0,11296.001660043166,12008.005037530254,6.303145120858342,0.009623375308420876,0.9807355732561907,1.4555484980580391e-08,True
IE,ACCESS-CM2,7438.995680296752,8307.475959507523,11.67469799063153,0.8503152250013265,0.0365494748419282,1.234684365090891e-16,True
IE,CanESM5,7806.644567346684,7864.1728238441565,0.73691399680343,0.0054095822291848105,0.9299961493337786,0.19816307410060519,False
IE,CMCC-CM2-SR5,5351.558939860152,5601.41837813346,4.668909397825609,0.19705889844546526,0.6087356561435613,0.013548787740028633,True
IE,CMCC-ESM2,5335.43821584551,5433.888283982896,1.8452105366903626,0.4376544141355832,0.8288208100384755,0.17480015737241095,False
IE,HadGEM3-GC31-LL,7647.215118930817,8232.212759958047,7.649812800205636,0.4168344914249695,0.07953621042408164,1.2432618309742013e-14,True
IE,HadGEM3-GC31-MM,7430.272280157966,7845.405811192374,5.5870567777575815,0.14045884398826536,0.2016681776896178,1.2274210404440075e-12,True
IE,MRI-ESM2-0,6523.784498233847,6216.978384427141,-4.7028854783564205,0.9926739581071433,0.4769108637571997,4.027381202773094e-06,True
IT,ACCESS-CM2,43788.29671051561,47337.18679429905,8.104654326349221,0.46556336216446803,0.6664387805340899,1.0452712996986834e-15,True
IT,CanESM5,44441.89382124061,45059.80346270894,1.3903764856505856,0.8241960191757802,0.024338593420731126,0.23278521768131324,False
IT,CMCC-CM2-SR5,33854.45588916245,35900.5178987241,6.043700765005186,0.7374309569044263,0.0889103401379667,4.659105261415742e-09,True
IT,CMCC-ESM2,33725.397711064725,36081.6216559792,6.986497135188534,0.39546339885972454,0.5330088838296897,6.020057339612194e-09,True
IT,HadGEM3-GC31-LL,43402.47770397457,46673.012131650954,7.535363418611671,0.8020929911068815,0.9564840226214737,1.2242350771310846e-17,True
IT,HadGEM3-GC31-MM,43537.173594086016,45066.384237762104,3.512425170116721,0.6737170618638766,0.034120448615544675,1.324665353866679e-08,True
IT,MRI-ESM2-0,40525.48739419646,42069.20608075106,3.8092538444723725,0.769674355395729,0.47698465165770104,1.0135764168176867e-05,True
LV,ACCESS-CM2,8016.797108467232,8549.258670726405,6.641824098264817,0.9437308799739076,0.8607533344774612,7.623185789451485e-08,True
LV,CanESM5,8353.020444066493,8495.308965100257,1.7034379597961848,0.8709734606771851,0.4099855778246937,0.18130909661467837,False
LV,CMCC-CM2-SR5,5603.512806914745,6042.854569844865,7.840470398996353,0.2522786729144133,0.5673420403273908,0.0001414552119904542,True
LV,CMCC-ESM2,5517.897703543323,5842.193750449134,5.877166709661266,0.7896862649468123,0.31667822455735595,9.094684734096336e-06,True
LV,HadGEM3-GC31-LL,7986.017339408753,8729.149388723505,9.305414923751835,0.4041837636091524,0.09402208404453977,4.702801564712511e-11,True
LV,HadGEM3-GC31-MM,7911.191521413986,8479.174261937007,7.179484139470103,0.6227189260505326,0.06631100446636169,5.352366872409921e-12,True
LV,MRI-ESM2-0,6931.51632616906,7185.24828743191,3.6605549106898443,0.17427362631602927,0.28819112738401576,0.006888134325312044,True
LT,ACCESS-CM2,7806.199565501072,8401.834263753917,7.630277617871939,0.9598078993727062,0.8728890167645651,5.239149480440317e-10,True
LT,CanESM5,8300.779932012125,8478.178975472878,2.1371370511415453,0.9001643692473593,0.6981710909510589,0.13372282619874332,False
LT,CMCC-CM2-SR5,5401.756282193331,5887.844849460329,8.998713416030439,0.34577947687787147,0.7266962518276161,3.048188167167059e-05,True
LT,CMCC-ESM2,5383.598498707709,5710.99414027225,6.081353236931199,0.9009480454740972,0.3246593002341168,1.53482306170477e-05,True
LT,HadGEM3-GC31-LL,7789.525222984373,8450.396517956813,8.484102381778323,0.16284496973722967,0.2584017408331165,8.154284102651687e-11,True
LT,HadGEM3-GC31-MM,7798.109448992095,8363.429554484701,7.249450769964165,0.8580404691458312,0.5413090300784056,5.024990739938949e-11,True
LT,MRI-ESM2-0,6836.869474099549,7113.954445620129,4.052804760574634,0.6233591984668048,0.05410521999103348,0.0015994476512516504,True
LU,ACCESS-CM2,292.3351669138488,329.07918613402126,12.569140965171977,0.26308499335817637,0.7912998307752775,1.1023246074066519e-12,True
LU,CanESM5,321.81917049955484,341.40552681470314,6.086137219465422,0.5511286993509965,0.8311913029740106,0.0002925403842645425,True
LU,CMCC-CM2-SR5,209.13021313811439,226.21791960214995,8.170845430521535,0.2658959194211257,0.9253552605199067,2.526243703163554e-07,True
LU,CMCC-ESM2,207.08012361252014,222.05655411174268,7.2321912108019735,0.33332006601788106,0.04869768236335468,1.5252720350234795e-05,True
LU,HadGEM3-GC31-LL,292.6298966001487,326.58379889190724,11.60301892808764,0.3962386564056081,0.12335514856960184,3.000246893179769e-18,True
LU,HadGEM3-GC31-MM,282.587489806322,309.667474491187,9.582867487667235,0.5954450252769856,6.7472721038804e-05,3.9549484965200377e-14,True
LU,MRI-ESM2-0,259.3369207130307,280.1939027146458,8.042426795332549,0.9199728809391517,0.8772142470018596,3.555483329851517e-08,True
MT,ACCESS-CM2,43.49077314968452,44.76629136830638,2.932847880702977,0.20094356989053114,0.9199287170471905,7.79559795469171e-12,True
MT,CanESM5,43.353659945530815,44.71766429027291,3.1462265157216627,0.8266293908958655,0.17574707960101227,1.0345301505203432e-08,True
MT,CMCC-CM2-SR5,35.27607939195119,36.00079282329112,2.0544046952827864,0.6879422147529852,0.10880578299497551,0.0022848958758428218,True
MT,CMCC-ESM2,35.74897559855185,36.38888936304934,1.7900198642990146,0.03464259634526339,0.6482698101315945,7.681541029402323e-05,True
MT,HadGEM3-GC31-LL,43.566522801841,44.06724445819679,1.1493266484297595,0.2140974519142002,0.2827970891397238,0.00021354028637640953,True
MT,HadGEM3-GC31-MM,43.34041362446606,44.083591656261234,1.7147460525749207,0.6085677774323954,0.0454503618456211,0.000309317347962541,True
MT,MRI-ESM2-0,40.72231628429162,41.66460423057431,2.313935041671909,0.11982057645066169,0.48822018586329735,0.0007748577621744823,True
NL,ACCESS-CM2,4176.243063263532,4632.405627204066,10.922797285272585,0.0874575980303784,0.4801199040357178,1.6476453144945973e-12,True
NL,CanESM5,4549.599490389651,4774.193538383124,4.936567459792775,0.5240616156324673,0.04724303908537909,4.3448369353171005e-06,True
NL,CMCC-CM2-SR5,3077.1967239146657,3223.1704460569545,4.74372408523131,0.39147104909049096,0.24151725089874498,0.00027290651343458234,True
NL,CMCC-ESM2,3066.9816285517795,3156.961247429329,2.933816689343444,0.7709287066078117,0.36043825772626287,0.006043618833245622,True
NL,HadGEM3-GC31-LL,4240.369532431045,4744.903816717024,11.898356509431968,0.7144222914897502,0.8137034116965345,2.0215376106714438e-17,True
NL,HadGEM3-GC31-MM,4207.085390503235,4685.256220730125,11.365845611460072,0.3762867082703792,0.01578680379061307,1.6089050508540132e-18,True
NL,MRI-ESM2-0,3873.669440072438,3998.5813821233564,3.2246412344513935,0.10451089151766679,0.21989621597451614,0.001846842806605648,True
PL,ACCESS-CM2,35903.59678002092,40316.57502382327,12.291187066411185,0.9745819961931478,0.7222519979859541,2.172125002188579e-14,True
PL,CanESM5,40198.43826091455,41043.793110155624,2.1029544574696244,0.7064982042637997,0.8947740799784618,0.07210081286110963,False
PL,CMCC-CM2-SR5,26032.33366485457,28146.00146632804,8.119394245192346,0.7579234151080654,0.9069940981075311,6.225950787834102e-07,True
PL,CMCC-ESM2,26093.765344092328,27518.76732610423,5.461082228726811,0.32532301619641957,0.7407007455601016,1.6660776439047032e-05,True
PL,HadGEM3-GC31-LL,36798.05288775567,40235.64944609375,9.34178927570897,0.3099603894116368,0.9313863804388586,1.468477361701385e-13,True
PL,HadGEM3-GC31-MM,35986.22670920439,39727.64117711825,10.396795691160623,0.7971834323251779,0.5938359979393986,1.55278538375222e-15,True
PL,MRI-ESM2-0,33283.72879896155,35049.591441290686,5.305483207711481,0.13023128131748218,0.27066418691365957,3.0205610712350934e-06,True
PT,ACCESS-CM2,13420.732865834078,14420.075469281785,7.446259555555199,0.12580665065686097,0.701470882871924,1.1350644989615933e-14,True
PT,CanESM5,13575.840131859797,13974.272991918284,2.934867059339069,0.5885828186674469,0.7577302421694052,0.0007100526534270742,True
PT,CMCC-CM2-SR5,10960.561571733937,11273.61184318669,2.856151752845178,0.9672764734646101,0.08891180359236518,0.045776315153295215,True
PT,CMCC-ESM2,10965.364070361657,11185.53497726175,2.007875939980823,0.9218019726494071,0.8928266177004518,0.010014813650495804,True
PT,HadGEM3-GC31-LL,13338.138116908496,14142.44172695896,6.0301040745024475,0.9045121761775788,0.7705099040461352,6.916323039063328e-11,True
PT,HadGEM3-GC31-MM,13295.752831792159,14027.819753837686,5.506020842197401,0.6586056822674032,0.66764477113883,1.5497120482629235e-06,True
PT,MRI-ESM2-0,12541.686256153256,12774.883136819324,1.8593742173358538,0.10618136945653633,0.42149169876839176,0.10577153564761844,False
RO,ACCESS-CM2,29922.244508342228,32819.01425165254,9.680990817726588,0.9088398643150211,0.9986462740066822,2.855861078092891e-14,True
RO,CanESM5,31829.19345469433,32188.047926985848,1.1274381576847399,0.6815538245830648,0.004376937057095495,0.6183426985024749,False
RO,CMCC-CM2-SR5,21153.267702514004,23533.777753391292,11.253627970653309,0.41976389125242175,0.8025158698588752,3.228275483312064e-11,True
RO,CMCC-ESM2,21533.121181626124,23655.796536809186,9.857722609178962,0.7911989430281208,0.5526202291542324,4.2378642408540346e-09,True
RO,HadGEM3-GC31-LL,28885.48771743496,31630.620385582646,9.50350118717488,0.2682119294403086,0.24590672625754761,1.0561432280125742e-10,True
RO,HadGEM3-GC31-MM,28980.875665832977,31048.45391538333,7.134284944978128,0.8239438387810449,0.786895719849577,6.828782022712311e-10,True
RO,MRI-ESM2-0,27790.438266238583,29862.096381152456,7.454571587057847,0.019830135654726244,0.9338503573086802,2.3118840827915534e-12,True
SK,ACCESS-CM2,5794.359094061614,6425.942530135493,10.899970571743843,0.9836122631820923,0.40780976814834013,3.6138229391632705e-14,True
SK,CanESM5,6366.527767959188,6396.381640704133,0.4689192261940723,0.37076558583576424,0.054475817917494444,0.5146091014179781,False
SK,CMCC-CM2-SR5,4105.111934318939,4585.064399553978,11.69158047123178,0.41896772155596984,0.23115522129412858,2.4705077204527712e-08,True
SK,CMCC-ESM2,4188.004448021308,4620.3830488011545,10.324215414435164,0.08383302869093576,0.9957100940654751,7.171815794389055e-08,True
SK,HadGEM3-GC31-LL,5737.719829563217,6314.508660207055,10.052579208764643,0.5639093185138262,0.6340786266053926,3.9556370577623616e-16,True
SK,HadGEM3-GC31-MM,5644.146702708159,6201.498924430743,9.874871279571035,0.4743189427023171,0.5642969364505654,1.0188515697014972e-12,True
SK,MRI-ESM2-0,5397.455760100459,5827.118060430848,7.960459880126787,0.00809000240310428,0.968398625994563,8.097372643404285e-10,True
SI,ACCESS-CM2,2593.5404687592777,2910.229921571505,12.210700261936855,0.30098184107959314,0.4136216991710904,9.446815478092603e-14,True
SI,CanESM5,2778.9080354459925,2817.132552361694,1.375522918647669,0.5472338861013377,0.03504577281582302,0.7008020913291937,False
SI,CMCC-CM2-SR5,1919.8253566297333,2093.85624574065,9.064933355002108,0.7882611221885637,0.007276192065150092,9.842091157870102e-08,True
SI,CMCC-ESM2,1920.7701707442473,2109.9508170271274,9.849207841955277,0.7745803518439627,0.3859371712758435,5.267598074906896e-09,True
SI,HadGEM3-GC31-LL,2588.8920042319287,2875.0002150110945,11.051376817243803,0.28654530121485855,0.47614240619669423,2.9492706022887547e-19,True
SI,HadGEM3-GC31-MM,2541.258548186262,2711.768611340102,6.7096700284800095,0.816449931442627,0.007951255567133905,2.310167146587893e-12,True
SI,MRI-ESM2-0,2421.982985437984,2576.744667142625,6.38987485193478,0.2679474197053734,0.3200805032121241,6.27493208224255e-07,True
ES,ACCESS-CM2,78152.52934497494,85540.68260293425,9.4535049855483,0.7692125951365447,0.9208499980244431,1.873805182087422e-20,True
ES,CanESM5,76891.06846802725,78838.6790571861,2.532947750581337,0.8390931022530637,0.9596640036951463,0.001102563068420878,True
ES,CMCC-CM2-SR5,62162.06262658435,67226.04557602709,8.146420397699382,0.10711831555463763,0.018188142902214113,1.228517268667624e-08,True
ES,CMCC-ESM2,62559.60827576797,67728.3588030661,8.262120991093571,0.17347979126068713,0.362524284886683,2.9049944811449527e-13,True
ES,HadGEM3-GC31-LL,77948.37777341664,83669.65019358892,7.339822307531666,0.3032100834414554,0.7835608088465016,3.732650947101924e-16,True
ES,HadGEM3-GC31-MM,77716.59733251942,83051.09345184026,6.864037158622098,0.9961987265673558,0.5166949856996153,2.9858573017311707e-10,True
ES,MRI-ESM2-0,72923.450427165,74318.53005510489,1.913074079418774,0.9221413309940234,0.48020413821044244,0.04562572858999861,True
SE,ACCESS-CM2,40339.83797080429,42119.640034800745,4.4120208546315265,0.314942202226361,0.12325580742731873,4.978640531964284e-06,True
SE,CanESM5,29497.54092691609,29027.79685475708,-1.59248553404115,0.3803322442317291,0.5940065227913809,0.3433508278496693,False
SE,CMCC-CM2-SR5,30555.252720794982,32474.607922821982,6.281588372269442,0.25883711807403387,0.8246896364295278,1.3106289716348785e-07,True
SE,CMCC-ESM2,30235.674564347068,32194.576119781614,6.4787757629340925,0.5857259861331746,0.07690424015240649,2.2547474286650894e-05,True
SE,HadGEM3-GC31-LL,40079.14998565511,42977.4102869147,7.2313417382776874,0.6562557477607032,0.2825542831326163,1.2153761141753248e-11,True
SE,HadGEM3-GC31-MM,43005.89338020387,45305.85298081625,5.348010283797714,0.9937865225363078,0.31512402714415,1.493869708376373e-09,True
SE,MRI-ESM2-0,33553.93959309648,34217.30975941565,1.9770261685028847,0.24690783038612524,0.2603541610713843,0.3888116791145575,False
CY,ACCESS-CM2,902.3713712309681,933.4402536194052,3.4430261618400633,0.7710578821916226,0.4583644486810042,3.086661008030355e-10,True
CY,CanESM5,802.4769914677545,816.2486663426355,1.716145761349767,0.16944871027673875,0.49085895254629,3.741100010556209e-05,True
CY,CMCC-CM2-SR5,781.373797754346,791.9212293994927,1.349857350663646,0.6428774559106638,0.16537108082182317,0.001415394085677297,True
CY,CMCC-ESM2,782.1452253795536,789.3963836349831,0.927085919614311,0.8964874533400224,0.7294855373768939,0.11626563691557668,False
CY,HadGEM3-GC31-LL,909.2532466352658,927.4920367220309,2.005908711820233,0.54544528458243,0.6425064383540225,0.004212952244593449,True
CY,HadGEM3-GC31-MM,904.818349646579,927.7999970248671,2.5399183590015317,0.6816609792951163,0.8991065113142901,1.759108394994629e-07,True
CY,MRI-ESM2-0,859.5912346504581,883.9900206290126,2.838417261022444,0.6372558509841854,0.4352900192542904,5.163931932849483e-07,True
GB,ACCESS-CM2,26327.677232491795,29543.743624625095,12.215534107825713,0.9998079386547258,0.7800562806912902,8.45811554941869e-17,True
GB,CanESM5,28006.117935752183,28741.861607998646,2.6270819609283422,0.05528336718133059,0.9586331214186784,0.004850420285106945,True
GB,CMCC-CM2-SR5,19350.163469029936,20007.61653789409,3.397661574882359,0.5883421773745819,0.9830109019588494,0.001710602930964572,True
GB,CMCC-ESM2,19184.392584450885,19505.740979102055,1.6750511815090006,0.1951289927827547,0.7200836118119669,0.03572687980462933,True
GB,HadGEM3-GC31-LL,26912.831666944923,30174.862081123243,12.120725364565912,0.1601889128136445,0.4838763658334425,4.162728008338218e-21,True
GB,HadGEM3-GC31-MM,26680.555514020158,29217.769185949444,9.509598368729714,0.12222293921841515,0.3972134459404162,2.5642232377252904e-19,True
GB,MRI-ESM2-0,23756.28633615382,23543.00895897071,-0.8977723797617724,0.5482067009707445,0.5709653701352133,0.4737362663940211,False
NO,ACCESS-CM2,27368.680896676527,27905.920312105623,1.9629715347162922,0.537582475083982,0.024981445445707837,0.002381910326340631,True
NO,CanESM5,19260.593179098032,18925.313509283398,-1.7407546418585174,0.7976535597278044,0.6523213528486638,0.19951906329633073,False
NO,CMCC-CM2-SR5,19990.084308575224,20436.9452581558,2.235413031194091,0.8199464886547189,0.37893994851016843,0.0471706979935563,True
NO,CMCC-ESM2,19954.45573113913,20063.385313605497,0.5458910227071843,0.03816443478711152,0.2972181308863797,0.6578156295680582,False
NO,HadGEM3-GC31-LL,27451.53987173935,29023.472607713946,5.726209689216228,0.7013500490283068,0.10516054519205353,1.6337458502594898e-07,True
NO,HadGEM3-GC31-MM,28144.516406785515,28831.071131012057,2.439390729986097,0.38563369897132993,0.4969773259547091,0.07378115721437453,False
NO,MRI-ESM2-0,22516.80946749644,21691.24942932053,-3.666416591425292,0.5906689589032856,0.5231057765156295,0.003089261236696799,True
BA,ACCESS-CM2,6549.721829966972,7315.982397555082,11.699131466656096,0.8329858017965179,0.3050580657253019,3.3695209936146715e-18,True
BA,CanESM5,7252.695736181803,7461.008112880345,2.8722062013345715,0.15131745510397315,0.0155566825158032,0.032704500910848255,True
BA,CMCC-CM2-SR5,4949.198961318363,5338.441741224646,7.864763226301906,0.3840032313404605,0.18271416838431848,4.456446034446719e-09,True
BA,CMCC-ESM2,4878.310531868733,5393.763865605117,10.56622636810554,0.40107105084808936,0.5551015435857495,4.188272539929161e-10,True
BA,HadGEM3-GC31-LL,6529.437833067681,7130.994153841785,9.212987950165981,0.8976991818104666,0.9149754656675124,2.4167349871220157e-15,True
BA,HadGEM3-GC31-MM,6375.936653616212,6751.377048756976,5.888395941446925,0.993028834466689,0.8336576953522279,5.835471761644432e-09,True
BA,MRI-ESM2-0,6142.398232701904,6650.107502612084,8.26565212276786,0.18054762503717448,0.49588139002629683,5.208825141164729e-10,True
ME,ACCESS-CM2,1783.6050726836895,1977.8602013646525,10.89115139085573,0.6380441107216654,0.20300327298544812,6.38905983319696e-17,True
ME,CanESM5,1908.1721637169883,1993.1794904484104,4.454908647542249,0.30560415810754193,0.011184611292582794,0.003817502845663805,True
ME,CMCC-CM2-SR5,1335.0086640759216,1459.9743757845802,9.360666718605788,0.5035369869614794,0.3246359086152101,4.559765299131191e-11,True
ME,CMCC-ESM2,1316.0729431746886,1467.5832139316205,11.51230040422017,0.952432913848893,0.1474422777865157,2.4417785137804767e-11,True
ME,HadGEM3-GC31-LL,1779.8493902893933,1918.4995230669854,7.789992430485835,0.7963849136632728,0.6278471150711249,1.7574084810843683e-14,True
ME,HadGEM3-GC31-MM,1753.9064031256294,1837.9033639632974,4.789135879085529,0.13239032887859548,0.9361434588943591,2.269576198581529e-07,True
ME,MRI-ESM2-0,1637.240062786789,1808.7029792414726,10.472680234982287,0.3696718384226298,0.8661809369616966,1.5672910622786162e-12,True
RS,ACCESS-CM2,9812.00868991633,10985.485863466101,11.959601857627147,0.7054076304413863,0.3781831832639757,1.73196953031203e-17,True
RS,CanESM5,10522.57522216874,10830.376131563318,2.9251481020169847,0.46138890620548356,0.002764465137812391,0.1468169330704884,False
RS,CMCC-CM2-SR5,7201.575590062667,7937.5996270829555,10.220319537240092,0.6197741959193668,0.517843780895664,7.313132305044848e-09,True
RS,CMCC-ESM2,7175.787378669639,7944.656713135056,10.714773081918736,0.8950270648975236,0.20422237031688523,2.8754716383021726e-09,True
RS,HadGEM3-GC31-LL,9722.660891393369,10522.505477089624,8.226601695059514,0.6922527243962062,0.09411779733065236,1.678992106876575e-13,True
RS,HadGEM3-GC31-MM,9450.59742615339,10252.661338360618,8.486912266388712,0.5787955112700514,0.9812545482580545,2.914281911881577e-10,True
RS,MRI-ESM2-0,9290.22648904419,9971.735893024686,7.335767376437915,0.01966108234062658,0.4615631935578273,5.636460936910052e-10,True
AL,ACCESS-CM2,3944.257138047279,4323.421227104607,9.61306719584323,0.3753779642428164,0.8354750604726948,2.596128939453208e-19,True
AL,CanESM5,4077.8025423252416,4237.359363243677,3.9128138074938006,0.08734195317085952,0.02317919773654003,0.0020380400282256385,True
AL,CMCC-CM2-SR5,2956.0679640082712,3245.371639946555,9.786773493056078,0.15124611703899343,0.11928929480240352,3.177358144102485e-13,True
AL,CMCC-ESM2,2941.8110775958926,3265.0888888284253,10.989074509051134,0.9135825757990547,0.6007759033318276,7.976195364265832e-12,True
AL,HadGEM3-GC31-LL,3955.546830085642,4252.7294795599655,7.513061082072673,0.7058524745461405,0.41018591091207257,2.3919175310978807e-15,True
AL,HadGEM3-GC31-MM,3920.272066271028,4096.92666314156,4.506182068087089,0.04653104947325471,0.6047071048250848,9.369523512930878e-08,True
AL,MRI-ESM2-0,3669.676944151761,3938.33051440388,7.320905200667956,0.93512166222194,0.9321735928619567,4.748275246636315e-11,True
MK,ACCESS-CM2,3472.174532407008,3838.7910194678807,10.558699847577188,0.17757308945582656,0.5300189849228456,5.615724493399932e-18,True
MK,CanESM5,3602.200092251602,3726.382998853374,3.4474183393890696,0.21576743462669634,0.032024926360008886,0.004093762114764593,True
MK,CMCC-CM2-SR5,2490.238030686914,2794.502593209374,12.218292338846453,0.09792143109229053,0.1057837850736073,3.612774690061437e-11,True
MK,CMCC-ESM2,2525.6918623252195,2778.8513999076777,10.023373846934467,0.96821386273963,0.5376555916691977,5.132726913594405e-10,True
MK,HadGEM3-GC31-LL,3393.260704095574,3633.4628205724134,7.078799344445357,0.8040102397651325,0.6128786591850821,1.4477221350483655e-12,True
MK,HadGEM3-GC31-MM,3384.799015728756,3542.622987569053,4.662728011527652,0.17211305563766638,0.865531506178437,3.3938765110770134e-09,True
MK,MRI-ESM2-0,3141.1715419633892,3436.7342499623815,9.409314456422546,0.2375478161825234,0.49766624812399257,3.0273108319120295e-13,True
CH,ACCESS-CM2,5775.010651329006,6039.084762986397,4.572703456341163,0.19027449547489178,0.9071393207037596,3.450360698900191e-07,True
CH,CanESM5,5326.902553937745,5515.3842654038435,3.5382984681551766,0.8615409461922264,0.1828647338016952,0.14591787156687208,False
CH,CMCC-CM2-SR5,3930.3672521911503,4423.342139658663,12.54271816947087,0.21560766927169644,0.026248401607628473,1.0919389055520354e-09,True
CH,CMCC-ESM2,3881.862731442504,4411.184925185313,13.63577824263024,0.7433900313636663,0.7357440981880015,6.293690597644052e-10,True
CH,HadGEM3-GC31-LL,5551.572266223896,6135.839777418808,10.524361085050286,0.4197973826089887,0.42468227048932927,7.387984041502269e-18,True
CH,HadGEM3-GC31-MM,5555.793129771547,5838.883678614839,5.095411982248022,0.41969840387795765,9.131208303229866e-05,1.2768321036640413e-05,True
CH,MRI-ESM2-0,4999.267745134868,5537.36178309618,10.763457077988441,0.23601894677465984,0.947674454848478,3.585701233572604e-11,True
TR,ACCESS-CM2,53694.90771394254,57488.12860315631,7.064395956171478,0.4069673957801889,0.7875174883129452,1.4045677215321577e-15,True
TR,CanESM5,45823.27203052453,47522.30126411566,3.7077868041796416,0.42670707046680323,0.7635461124933351,7.3130743084186154e-06,True
TR,CMCC-CM2-SR5,45387.37457560113,48863.48435109658,7.658759309167233,0.8431887300132591,0.16581657396987493,1.973958447914238e-11,True
TR,CMCC-ESM2,45260.7769989724,49226.40032506674,8.761721713669159,0.28882808203729116,0.22733539986767765,2.7215298785060242e-09,True
TR,HadGEM3-GC31-LL,52447.56187183157,55433.6641553457,5.6935006641708235,0.43892229377255987,0.08783590375425299,8.269192921919124e-13,True
TR,HadGEM3-GC31-MM,55408.977227877906,58787.66767747125,6.097731123420595,0.17292028306697743,0.6956930272249023,2.583500778031179e-13,True
TR,MRI-ESM2-0,49670.94753731621,52929.9083751739,6.561100601935033,0.9362543447619374,0.44630182378662747,4.0008662246441525e-15,True
UA,ACCESS-CM2,51279.71814593461,55683.03577889456,8.586860053381635,0.783363436245271,0.7807505858843813,7.314751810764557e-14,True
UA,CanESM5,50151.950199023835,49451.75045727351,-1.396156558163019,0.059471811293986904,0.38240105853711087,0.41127029414150595,False
UA,CMCC-CM2-SR5,39037.97924458021,42979.86525971028,10.097566757831954,0.9950103518295984,0.1989648780386264,6.806772554199875e-10,True
UA,CMCC-ESM2,39108.73135104987,42623.08674892552,8.986114549024622,0.2999497401410307,0.7017542319589444,1.1574952285581468e-08,True
UA,HadGEM3-GC31-LL,50469.17494820216,53854.597917014034,6.707902342937884,0.15853356080443687,0.37329034412449014,3.9882480809015574e-08,True
UA,HadGEM3-GC31-MM,52736.345921413296,57307.24817233334,8.66746106704381,0.6935444704550061,0.1075952557449627,4.3754903361559e-09,True
UA,MRI-ESM2-0,47594.078841050505,51451.885219381045,8.105643542791153,0.10695387801991102,0.2519976894776543,1.215192455570571e-10,True
BY,ACCESS-CM2,24803.64647497677,26867.947173756376,8.322569428903055,0.815849130379217,0.9546635351818947,1.0864606458083445e-10,True
BY,CanESM5,26806.796241119766,26712.07597583904,-0.35334422072948146,0.4314010389921198,0.9187630173999312,0.8342340649919562,False
BY,CMCC-CM2-SR5,17080.416980660382,18576.99798719761,8.761969969654485,0.20917327805185582,0.8024216929313746,2.3921119829949316e-07,True
BY,CMCC-ESM2,16771.47943485167,18396.500302392014,9.689192142247746,0.5082455585567948,0.5320818602077456,7.347089260854458e-07,True
BY,HadGEM3-GC31-LL,24894.847049885764,26278.72829105174,5.558906380878226,0.23148251580399937,0.2527472656100724,7.53008014657145e-08,True
BY,HadGEM3-GC31-MM,24913.280217153835,26564.1841517471,6.626602037962663,0.6834105395470742,0.19481846204050968,1.8550694723966286e-09,True
BY,MRI-ESM2-0,22052.59339391764,23397.62579990032,6.099202855450358,0.022873361199215136,0.33353100826952753,2.399413788755124e-07,True
MD,ACCESS-CM2,4168.96880012631,4582.976724610646,9.930703354551177,0.9348268766575913,0.8628858648150763,1.355773629224498e-13,True
MD,CanESM5,4536.260520227998,4480.441027273038,-1.2305177955730464,0.25093946707885045,0.05063571853295189,0.5197566838501654,False
MD,CMCC-CM2-SR5,3019.0311206779593,3319.2842845867913,9.945348421628943,0.6405278484201873,0.15108062374140202,1.4330867810448732e-09,True
MD,CMCC-ESM2,3065.547000631259,3303.155564410753,7.750935272907757,0.8716750814125149,0.8616673514810166,9.355253898612695e-08,True
MD,HadGEM3-GC31-LL,4103.86688020515,4399.456911211235,7.202719767345592,0.23132655994012163,0.5285260719633806,9.690945065770172e-08,True
MD,HadGEM3-GC31-MM,4093.1345184151687,4393.421660864365,7.336361438848213,0.6296503978522568,0.2695019241015312,2.6574152498400902e-08,True
MD,MRI-ESM2-0,3944.3392781752323,4212.937895730018,6.809723976864565,0.11822336007558981,0.6312101114398925,4.12267152951947e-09,True
RU,ACCESS-CM2,34858.042137856544,37086.8240123272,6.393881405204197,0.21236078132701158,0.675560585566144,2.259544159751017e-08,True
RU,CanESM5,24681.606944904946,24815.861451493256,0.5439455659754922,0.454534174005847,0.19919149198729108,0.7666908793292087,False
RU,CMCC-CM2-SR5,27902.402297990244,30211.935564503423,8.277184314984702,0.08302276579469485,0.24992486700902655,8.061068195482523e-06,True
RU,CMCC-ESM2,27704.52382917328,30367.54153091615,9.612212497002655,0.9895747756648399,0.7453907823950732,1.1088937991220575e-07,True
RU,HadGEM3-GC31-LL,34658.89010703889,36572.4387910276,5.521090485237683,0.3546279735194433,0.11668977679890391,2.81872710518617e-08,True
RU,HadGEM3-GC31-MM,41475.64038887181,44125.157878839615,6.388129188907437,0.4808460497077186,0.9992856565534083,4.0930933118258643e-10,True
RU,MRI-ESM2-0,31860.959286915022,33429.66627257328,4.923602492730068,0.07177301672737102,0.3376434641206332,1.6241209174773683e-05,True
XK,ACCESS-CM2,1427.0925621287627,1571.2322362082832,10.100233012532177,0.4232822206018725,0.4682421534703711,2.843681471181122e-17,True
XK,CanESM5,1518.927799193401,1574.6224644511537,3.666709193638333,0.41063156343458895,0.01038414924540207,0.008033304751551772,True
XK,CMCC-CM2-SR5,1008.3072629223522,1138.1318877092372,12.875502295859448,0.108685134756412,0.3020410221980546,1.1146666903721116e-11,True
XK,CMCC-ESM2,1007.0149600135229,1142.1040749081878,13.414807153694209,0.9434858660459455,0.29732620986195946,4.5817888933749547e-11,True
XK,HadGEM3-GC31-LL,1404.280196045316,1495.8257691539504,6.519038961486594,0.56509522739183,0.5377760745574945,1.3809986388996907e-12,True
XK,HadGEM3-GC31-MM,1376.0770999522315,1453.7303921552627,5.64309167020706,0.7090434242377226,0.9205050197246726,5.7806144867289344e-09,True
XK,MRI-ESM2-0,1291.4765566635222,1422.4760941525615,10.14339260075083,0.2536100752737507,0.7111565443059527,2.300198879173935e-13,True
